comparison,ATE,SE,CI_lower,CI_upper,p_value,n_treat,n_control,n_total
Pilot vs None (实验 vs 无),-0.013811098944231636,0.014232432244448244,-0.041706666143350196,0.014084468254886922,0.33184901826331914,64317,5198,69515
Partial vs None (部分采纳 vs 无),0.030761332232528322,0.0257902738331285,-0.019787604480403533,0.08131026894546017,0.23296755554474569,78800,5198,83998
Full vs None (全面采纳 vs 无),0.02532131872424713,0.17546409143079886,-0.3185883004801186,0.3692309379286129,0.8852552515502528,1685,5198,6883
